{
  "project_info": {
    "project_number": "838102494415",
    "project_id": "parcial-7407a",
    "storage_bucket": "parcial-7407a.appspot.com"
  },
  "client": [
    {
      "client_info": {
        "mobilesdk_app_id": "1:838102494415:android:d8eaf563cd98a2b2661bba",
        "android_client_info": {
          "package_name": "com.example.parcial"
        }
      },
      "oauth_client": [],
      "api_key": [
        {
          "current_key": "AIzaSyCXODLpsMMlJXpfM1bisousmnNwXpHUQes"
        }
      ],
      "services": {
        "appinvite_service": {
          "other_platform_oauth_client": []
        }
      }
    }
  ],
  "configuration_version": "1"
}